position,title,source/name,source/icon,link,thumbnail,thumbnail_small,date,iso_date,source/authors/0
2,Puma con crías en Nahuelbuta reabre desafío de convivir con la fauna silvestre en Chile,elrancahuaso.cl,"https://encrypted-tbn0.gstatic.com/faviconV2?url=https://www.elrancahuaso.cl&client=NEWS_360&size=96&type=FAVICON&fallback_opts=TYPE,SIZE,URL",https://www.elrancahuaso.cl/noticia/sociedad/puma-con-crias-en-nahuelbuta-reabre-desafio-de-convivir-con-la-fauna-silvestre-en-c,https://cdn.elrancahuaso.cl/sites/elrancahuaso.cl/files/imagecache/380x285/imagen_noticia/captura_de_pantalla_2026-04-11_a_las_12.00.35_a.m.png,https://news.google.com/api/attachments/CC8iK0NnNTJUbXQzWnpsU05GbG5VVGRLVFJDZEFoaVFBeWdLTWdZSjE1Qm53Z1U,"04/11/2026, 05:00 AM, +0000 UTC",2026-04-11T05:00:05Z,
3,SAG activa vigilancia por avistamiento de puma en zona rural de O’Higgins,seranoticia.cl,"https://encrypted-tbn0.gstatic.com/faviconV2?url=https://seranoticia.cl&client=NEWS_360&size=96&type=FAVICON&fallback_opts=TYPE,SIZE,URL",https://seranoticia.cl/2026/04/10/sag-activa-vigilancia-por-avistamiento-de-puma-en-zona-rural-de-ohiggins/,https://seranoticia.cl/wp-content/uploads/2026/04/PUMA.jpg,https://news.google.com/api/attachments/CC8iK0NnNVlaRVJTYTNZd2FVeFlNV1JJVFJEV0F4aU1CU2dLTWdZeFlJeVB4UVE,"04/10/2026, 05:54 PM, +0000 UTC",2026-04-10T17:54:50Z,
4,"Avistamiento de puma en las zonas de recarga hídrica, reporta la Junta Administradora de Agua Potable de Baños",elmercurio.com.ec,"https://encrypted-tbn3.gstatic.com/faviconV2?url=https://elmercurio.com.ec&client=NEWS_360&size=96&type=FAVICON&fallback_opts=TYPE,SIZE,URL",https://elmercurio.com.ec/ultimas-noticias/2026/04/22/avistamiento-puma-concolor-cuenca-banos/,https://elmercurio.com.ec/wp-content/uploads/2026/04/puma.jpg,https://news.google.com/api/attachments/CC8iK0NnNUthSEpNT1ZrNFlVWXdSakIwVFJDaEF4amdCU2dLTWdZdGxJeFJOUWM,"04/22/2026, 04:11 PM, +0000 UTC",2026-04-22T16:11:02Z,
5,Avistamiento de pumas en Chile: Por qué somos el “Hollywood” del felino,Chile Travel,"https://encrypted-tbn1.gstatic.com/faviconV2?url=https://chile.travel&client=NEWS_360&size=96&type=FAVICON&fallback_opts=TYPE,SIZE,URL",https://chile.travel/blog/avistamiento-de-pumas-en-chile-por-que-somos-el-hollywood-del-felino/,https://chile.travel/wp-content/uploads/2026/01/ea1deb59-shutterstock_2262331785-1-300x200.jpg,https://news.google.com/api/attachments/CC8iK0NnNHlNelZWZDAxMFQwWTBhRk5sVFJESUFSaXNBaWdLTWdZbGhJNnRMUWM,"12/18/2025, 08:00 AM, +0000 UTC",2025-12-18T08:00:00Z,
6,Avistamiento de puma a metros de una vivienda en Punitaqui alerta a crianceros,diarioeldia.cl,"https://encrypted-tbn3.gstatic.com/faviconV2?url=https://www.diarioeldia.cl&client=NEWS_360&size=96&type=FAVICON&fallback_opts=TYPE,SIZE,URL",https://www.diarioeldia.cl/noticias/2026/01/20/132286-avistamiento-de-puma-a-metros-de-una-vivienda-en-punitaqui-alerta-a-crianceros,https://diarioeldia-s3.cdn.net.ar/s3i233/2026/01/diarioeldia/images/02/44/19/2441934_52d97fc8a8161d871b22a448c951ed702232e29ea9fd66ea233e4bdabb75b627/md.webp,https://news.google.com/api/attachments/CC8iK0NnNW5NWEZQYzIxNlJVaGlWamx0VFJDZkJCaTBCQ2dLTWdhQlo0UmdRd1U,"01/20/2026, 08:00 AM, +0000 UTC",2026-01-20T08:00:00Z,
7,Inusual avistamiento en Santa Cruz: un puma apareció sobre los restos de un barco semihundido frente a la costa,Infobae,"https://encrypted-tbn3.gstatic.com/faviconV2?url=https://www.infobae.com&client=NEWS_360&size=96&type=FAVICON&fallback_opts=TYPE,SIZE,URL",https://www.infobae.com/sociedad/2026/04/04/inusual-avistamiento-en-santa-cruz-un-puma-aparecio-sobre-los-restos-de-un-barco-semihundido-frente-a-la-costa/,https://www.infobae.com/resizer/v2/SHPATVEXZJHS7BRKOM6IZW3SFY.jpg?auth=b30dd50a7efb336e548dedbc549a7e461a18feb6924c621f208a634ff888a27e&smart=true&width=1200&height=675&quality=85,https://news.google.com/api/attachments/CC8iK0NnNVVhbEJ0VFZkdFVrOU5jalJYVFJDZkF4ampCU2dLTWdZVmRKU3RKUWc,"04/04/2026, 07:00 AM, +0000 UTC",2026-04-04T07:00:00Z,
8,El triste final de una puma en Frutillar: SAG hace enfático llamado a veraneantes,La Cuarta,"https://encrypted-tbn1.gstatic.com/faviconV2?url=https://www.lacuarta.com&client=NEWS_360&size=96&type=FAVICON&fallback_opts=TYPE,SIZE,URL",https://www.lacuarta.com/chile/noticia/el-triste-final-de-una-puma-en-frutillar-sag-hace-enfatico-llamado-a-veraneantes/,https://www.lacuarta.com/resizer/v2/FVAAQ3ZVNVD35JC4CU57JDAIIE.jpg?auth=313ae0b1ca00a16f34d03498c140c03dcbd16e76ab474efec7739de343f67014&width=1200&smart=true,https://news.google.com/api/attachments/CC8iL0NnNUxObVJyV2tvMVpHeFpkRVpHVFJDZ0F4amlCU2dLTWdtRlVKcTNxQ2pCcGdJ,"01/08/2026, 08:00 AM, +0000 UTC",2026-01-08T08:00:00Z,
9,Reportan avistamiento de puma en carretera de Tepetiltic,Meganoticias.MX,"https://encrypted-tbn3.gstatic.com/faviconV2?url=https://www.meganoticias.mx&client=NEWS_360&size=96&type=FAVICON&fallback_opts=TYPE,SIZE,URL",https://www.meganoticias.mx/tepic/noticia/reportan-avistamiento-de-puma-en-carretera-de-tepetiltic/702897,,,"04/21/2026, 05:24 AM, +0000 UTC",2026-04-21T05:24:52Z,
10,Puma perdido en Canelones: qué se sabe y cómo sigue la búsqueda del animal,Montevideo Portal,"https://encrypted-tbn2.gstatic.com/faviconV2?url=https://www.montevideo.com.uy&client=NEWS_360&size=96&type=FAVICON&fallback_opts=TYPE,SIZE,URL",https://www.montevideo.com.uy/Noticias/Puma-perdido-en-Canelones-que-se-sabe-y-como-sigue-la-busqueda-del-animal-uc959620,https://imagenes.montevideo.com.uy/imgnoticias/202604/_W640_H364_80/953883.webp,https://news.google.com/api/attachments/CC8iL0NnNTZlRkZ2YXpsVlRWZHNiSEF3VFJEc0FoaUFCU2dLTWdrQklJYTFIS3FhVXdF,"04/20/2026, 05:53 PM, +0000 UTC",2026-04-20T17:53:00Z,
11,Puma atacó a perros en sector rural de Mulchén,latribuna.cl,"https://encrypted-tbn2.gstatic.com/faviconV2?url=https://www.latribuna.cl&client=NEWS_360&size=96&type=FAVICON&fallback_opts=TYPE,SIZE,URL",https://www.latribuna.cl/medio-ambiente/2026/01/17/puma-ataco-a-perros-en-sector-rural-de-mulchen.html,https://img.latribuna.cl/upload/2026/01/17161D524C43456D14110F55584947731F141D18524342761C15-2000x1125.jpg,https://news.google.com/api/attachments/CC8iK0NnNUVjMWRuVlVoVk5HeExXazlEVFJDZkF4ampCU2dLTWdZQlFaam5wQWc,"01/17/2026, 08:00 AM, +0000 UTC",2026-01-17T08:00:00Z,
12,Canelones: continúa la búsqueda del puma tras denuncias de avistamiento.,Cadena del Mar,"https://encrypted-tbn1.gstatic.com/faviconV2?url=https://cadenadelmar.uy&client=NEWS_360&size=96&type=FAVICON&fallback_opts=TYPE,SIZE,URL",https://cadenadelmar.uy/nacional/canelones-continua-la-busqueda-del-puma-tras-denuncias-de-avistamiento-19065,https://cadenadelmar.uy/adjuntos/galerias/000/049/0000049085.jpeg,https://news.google.com/api/attachments/CC8iK0NnNHlPVWRhZEhNNUxYWk5hM2N3VFJDbUF4alhCU2dLTWdZUlVJcUhzZ1k,"04/18/2026, 12:13 AM, +0000 UTC",2026-04-18T00:13:46Z,
13,"Pese a esfuerzos, muere puma atropellado en comuna de Frutillar",Diario Sostenible,"https://encrypted-tbn0.gstatic.com/faviconV2?url=https://www.diariosostenible.cl&client=NEWS_360&size=96&type=FAVICON&fallback_opts=TYPE,SIZE,URL",https://www.diariosostenible.cl/noticia/actualidad/2026/01/pese-a-esfuerzos-muere-puma-atropellado-en-comuna-de-frutillar,https://www.diariosostenible.cl/files/695fa970eb0fc_1200x719.jpg,https://news.google.com/api/attachments/CC8iI0NnNWxVVUZHTXpWRE5HOVVVazFWVFJDdEF4ak1CU2dLTWdB,"01/08/2026, 08:00 AM, +0000 UTC",2026-01-08T08:00:00Z,
14,SAG Los Lagos interpone una denuncia por presunta muerte y maltrato de puma en Cochamó,Mestizos Magazine,"https://encrypted-tbn0.gstatic.com/faviconV2?url=https://www.mestizos.cl&client=NEWS_360&size=96&type=FAVICON&fallback_opts=TYPE,SIZE,URL",https://www.mestizos.cl/actualidad-animal/2025/12/05/sag-los-lagos-interpone-una-denuncia-por-presunta-muerte-y-maltrato-de-puma-en-cochamo.html,https://img.mestizos.cl/upload/2025/04/17161D514C43406D17110F56534946761F131818534440711D-2000x1125.jpeg,https://news.google.com/api/attachments/CC8iI0NnNHdXVkp2UjNsclZVRTRNbE5TVFJDZkF4ampCU2dLTWdB,"12/05/2025, 08:00 AM, +0000 UTC",2025-12-05T08:00:00Z,
15,Villa El Tato: Buscan un Puma que se lo vio suelto en una plaza esta madrugada,lagaceta.com.uy,"https://encrypted-tbn1.gstatic.com/faviconV2?url=https://lagaceta.com.uy&client=NEWS_360&size=96&type=FAVICON&fallback_opts=TYPE,SIZE,URL",https://lagaceta.com.uy/villa-el-tato-buscan-un-puma-que-se-lo-vio-suelto-en-una-plaza-esta-madrugada/,https://s3.us-east-1.wasabisys.com/la-gaceta/2026/04/Villa-El-Tato-Buscan-un-Puma-que-se-lo-vio-suelto-en-una-plaza-esta-madrugada-1024x612.png,https://news.google.com/api/attachments/CC8iK0NnNUdSakZwY1c5dlNHbGthREJMVFJDc0F4ak1CU2dLTWdZcEZaYXVsUWM,"04/16/2026, 07:00 AM, +0000 UTC",2026-04-16T07:00:00Z,
16,Incautan piel de puma en Mulchén: SAG presentará antecedentes al Ministerio Público,latribuna.cl,"https://encrypted-tbn2.gstatic.com/faviconV2?url=https://www.latribuna.cl&client=NEWS_360&size=96&type=FAVICON&fallback_opts=TYPE,SIZE,URL",https://www.latribuna.cl/policial/2026/01/28/incautan-piel-de-puma-en-mulchen-sag-presentara-antecedentes-al-ministerio-publico.html,https://img.latribuna.cl/upload/2026/01/17161D524C43456D171E0F55534940761F161818524343701C15-2000x1125.jpeg,https://news.google.com/api/attachments/CC8iL0NnNWFjWEp6WkZGak1FNDJRemRUVFJDZkF4ampCU2dLTWdtQlk0N0ZPaWFEYWdJ,"01/28/2026, 08:00 AM, +0000 UTC",2026-01-28T08:00:00Z,
17,Vecinos de Punucapa pasaron susto tras avistar puma en patio de su casa,Diario Sostenible,"https://encrypted-tbn0.gstatic.com/faviconV2?url=https://www.diariosostenible.cl&client=NEWS_360&size=96&type=FAVICON&fallback_opts=TYPE,SIZE,URL",https://www.diariosostenible.cl/noticia/actualidad/2026/01/vecinos-de-punucapa-pasaron-susto-tras-avistar-puma-en-patio-de-su-casa,https://www.diariosostenible.cl/files/695d883d1a963_1200x719.jpg,https://news.google.com/api/attachments/CC8iI0NnNVplRXRsT0dKRGVFTkRiRVZsVFJDdUFSaWlBaWdCTWdB,"01/05/2026, 08:00 AM, +0000 UTC",2026-01-05T08:00:00Z,
18,"Tras muerte de puma, llaman a tener conciencia sobre cruces carreteros de fauna en Coahuila",Milenio,"https://encrypted-tbn1.gstatic.com/faviconV2?url=https://www.milenio.com&client=NEWS_360&size=96&type=FAVICON&fallback_opts=TYPE,SIZE,URL",https://www.milenio.com/estados/muerte-puma-piden-conciencia-cruces-fauna-coahuila,https://cdn.milenio.com/uploads/media/2025/06/25/puma-fundamental-equilibrio-natural-leon.jpg,https://news.google.com/api/attachments/CC8iK0NnNXFTbWRzWkVSaWFuSjNkM2hCVFJDZ0F4amhCU2dLTWdhZFJvd3FIZ2s,"04/07/2026, 07:00 AM, +0000 UTC",2026-04-07T07:00:00Z,
19,🐾 ALERTA POR PUMA SILVESTRE EN HUDSON Un operativo especial se activó en un barrio privado de Hudson (Berazategui) tras confirmarse la presencia de un puma cerca de la ribera. El animal fue captado por cámaras de seguridad y se desplegó un d,instagram.com,"https://encrypted-tbn1.gstatic.com/faviconV2?url=https://www.instagram.com&client=NEWS_360&size=96&type=FAVICON&fallback_opts=TYPE,SIZE,URL",https://www.instagram.com/p/DVeiyHhjfVk/,https://lookaside.instagram.com/seo/google_widget/crawler/?media_id=3845664109455340900,https://news.google.com/api/attachments/CC8iK0NnNU1iSFZFTVhWNmFrbFZUbWhNVFJEckJCanZBeWdLTWdZTlFvUXduUWc,"03/04/2026, 08:00 AM, +0000 UTC",2026-03-04T08:00:00Z,
20,Alerta en Maule por presencia de puma cerca de la mina El Chivato,Diario El Centro,"https://encrypted-tbn2.gstatic.com/faviconV2?url=https://www.diarioelcentro.cl&client=NEWS_360&size=96&type=FAVICON&fallback_opts=TYPE,SIZE,URL",https://www.diarioelcentro.cl/2025/11/05/alerta-en-maule-por-posible-presencia-de-puma-cerca-de-la-mina-el-chivato/,https://www.diarioelcentro.cl/wp-content/uploads/2025/11/572755280_18371095771146277_274009244791721086_n.jpg,https://news.google.com/api/attachments/CC8iJ0NnNUtkbXMwYWtwMVQyMXphMlZOVFJDa0JCaWtCQ2dLTWdOeDhBSQ,"11/05/2025, 08:00 AM, +0000 UTC",2025-11-05T08:00:00Z,
21,Autoridades confirman presencia de un puma en La Unión y piden proteger la fauna silvestre,Hora 13 Noticias,"https://encrypted-tbn0.gstatic.com/faviconV2?url=https://h13n.com&client=NEWS_360&size=96&type=FAVICON&fallback_opts=TYPE,SIZE,URL",https://h13n.com/autoridades-confirman-presencia-de-un-puma-en-la-union-y-piden-proteger-la-fauna-silvestre/,https://h13n.com/wp-content/uploads/2026/03/fub-pagina-19-1.jpg,https://news.google.com/api/attachments/CC8iK0NnNWxTVXBQVURCNk9HUnVVVTVPVFJDZkF4ampCU2dLTWdZUlNaQ2xIZ1k,"03/09/2026, 07:00 AM, +0000 UTC",2026-03-09T07:00:00Z,
22,"Un puma suelto en un country de Hudson, vecinos en alerta",Perfil,"https://encrypted-tbn3.gstatic.com/faviconV2?url=https://www.perfil.com&client=NEWS_360&size=96&type=FAVICON&fallback_opts=TYPE,SIZE,URL",https://www.perfil.com/noticias/sociedad/alerta-en-hudson-por-la-aparicion-de-un-puma-en-un-country.phtml,https://fotos.perfil.com/2026/03/04/trim/987/555/puma-en-un-barrio-cerrado-de-berazategui-04032026-2196199.jpg,https://news.google.com/api/attachments/CC8iK0NnNUZRVzVEV1RSYWJUSndRMUJ1VFJDb0FSaXNBaWdCTWdZeEZZYXVrUW8,"03/04/2026, 08:00 AM, +0000 UTC",2026-03-04T08:00:00Z,
23,Video: campesinos lograron salvar a un puma arrastrado por el río Sinú en medio de la emergencia invernal en Córdoba,Infobae,"https://encrypted-tbn3.gstatic.com/faviconV2?url=https://www.infobae.com&client=NEWS_360&size=96&type=FAVICON&fallback_opts=TYPE,SIZE,URL",https://www.infobae.com/colombia/2026/02/14/video-campesinos-lograron-salvar-a-un-puma-arrastrado-por-el-rio-sinu-en-medio-de-la-emergencia-invernal-en-cordoba/,https://www.infobae.com/resizer/v2/RQLHS4COIFGU3FVWWR2LJZS4BA.png?auth=0d1536bb4788f7805a75ea46bb7ea80d0542b2c06e21b605bb2f106d61f5eb97&smart=true&width=1200&height=675&quality=85,https://news.google.com/api/attachments/CC8iK0NnNXZkVlF4YUd0RVJtUkJiR2x5VFJDZkF4ampCU2dLTWdZOWNJclVOQVk,"02/13/2026, 08:00 AM, +0000 UTC",2026-02-13T08:00:00Z,
24,Avistamiento de puma en límites del Cauca y Valle del Cauca,Radio Nacional de Colombia,"https://encrypted-tbn1.gstatic.com/faviconV2?url=https://www.radionacional.co&client=NEWS_360&size=96&type=FAVICON&fallback_opts=TYPE,SIZE,URL",https://www.radionacional.co/actualidad/medio-ambiente/avistamiento-de-puma-en-limites-del-cauca-y-valle-del-cauca,https://radionacional-v3.s3.amazonaws.com/s3fs-public/node/article/field_image/puma.jpg,https://news.google.com/api/attachments/CC8iK0NnNWFRVUZrTldOWWIzVlJRVVZFVFJDZkF4ampCU2dLTWdZWlZZaU9vUWs,"01/09/2026, 08:00 AM, +0000 UTC",2026-01-09T08:00:00Z,
25,Nuevo avistamiento de un puma en Rivadavia y crece la preocupación,Tiempo de San Juan,"https://encrypted-tbn0.gstatic.com/faviconV2?url=https://www.tiempodesanjuan.com&client=NEWS_360&size=96&type=FAVICON&fallback_opts=TYPE,SIZE,URL",https://www.tiempodesanjuan.com/san-juan/nuevo-avistamiento-un-puma-rivadavia-y-crece-la-preocupacion-n426710,https://media.tiempodesanjuan.com/p/59276f091be32f9af0baea89b03b0e03/adjuntos/331/imagenes/000/860/0000860774/1200x630/smart/image.png,https://news.google.com/api/attachments/CC8iK0NnNXVjRGhxYTFKTmVGWjZWRFJEVFJDUkF4ajhCU2dLTWdhcEk1aHRuUWs,"03/31/2026, 07:00 AM, +0000 UTC",2026-03-31T07:00:00Z,
26,Video | El majestuoso puma concolor que fue captado en el Parque Chingaza: “El Páramo me dio el mejor obsequio”,Infobae,"https://encrypted-tbn3.gstatic.com/faviconV2?url=https://www.infobae.com&client=NEWS_360&size=96&type=FAVICON&fallback_opts=TYPE,SIZE,URL",https://www.infobae.com/colombia/2025/11/02/video-el-majestuoso-puma-concolor-que-fue-captado-en-el-parque-chingaza-el-paramo-me-dio-el-mejor-obsequio/,https://www.infobae.com/resizer/v2/YZJI62RT45A7ZD5AHVLZASH5PU.png?auth=16e9c13cae86313b9f0ac6871622a062b1db270048251e5334b7d28d3f7cd41a&smart=true&width=1200&height=675&quality=85,https://news.google.com/api/attachments/CC8iK0NnNURURll4VURZeVEyVlVObTlPVFJDZkF4ampCU2dLTWdhaHhJcU93UVE,"11/02/2025, 07:00 AM, +0000 UTC",2025-11-02T07:00:00Z,Sebastian Vargas
27,Matan a puma protegido en San Martín: Fiscalía abre investigación penal por delito ambiental,Infobae,"https://encrypted-tbn3.gstatic.com/faviconV2?url=https://www.infobae.com&client=NEWS_360&size=96&type=FAVICON&fallback_opts=TYPE,SIZE,URL",https://www.infobae.com/peru/2026/02/03/matan-a-puma-protegido-en-san-martin-fiscalia-abre-investigacion-penal-por-delito-ambiental/,https://www.infobae.com/resizer/v2/J6UJEAGZBJAO3HIHX6AQVX7ASM.jpg?auth=31ff12720e7684f8bc781a23c24ea6ab65c3628e534fd569e22d23ea6fb2c942&smart=true&width=1200&height=675&quality=85,https://news.google.com/api/attachments/CC8iK0NnNTZTazl5VWpneE9GcHhhazVCVFJDZkF4ampCU2dLTWdhMVk1SlJyUVk,"02/03/2026, 08:00 AM, +0000 UTC",2026-02-03T08:00:00Z,Olenka Pizarro
28,Gata adopta cachorro de puma en Villa La Angostura,Radio LV11,"https://encrypted-tbn1.gstatic.com/faviconV2?url=https://www.radiolv11.com.ar&client=NEWS_360&size=96&type=FAVICON&fallback_opts=TYPE,SIZE,URL",https://www.radiolv11.com.ar/noticias/gata-adopta-cachorro-puma-neuquen-accidente-ruta-40,https://www.radiolv11.com.ar/uploads/news/1775425543_image_1775425462328.webp,https://news.google.com/api/attachments/CC8iL0NnNWxURkp1Tm1sV1ZuUktiVkJyVFJDZUF4amtCU2dLTWdtQlVZNUV2ZWJBVXdF,"04/06/2026, 02:57 AM, +0000 UTC",2026-04-06T02:57:16Z,
29,Puma merodea fincas en el Oriente antioqueño: piden no atacar al felino y seguir estas recomendaciones | El Colombiano,El Colombiano,"https://encrypted-tbn0.gstatic.com/faviconV2?url=https://www.elcolombiano.com&client=NEWS_360&size=96&type=FAVICON&fallback_opts=TYPE,SIZE,URL",https://www.elcolombiano.com/antioquia/puma-fincas-oriente-antioquia-medidas-proteccion-HF34464663,https://estaticos.elcolombiano.com/binrepository/1200x800/0c62/1200d675/none/11101/MTTJ/puma-concolor-cornare-2_50122932_20260310154602.jpg,https://news.google.com/api/attachments/CC8iK0NnNUlNM1pGYkdwblMwaHVURGhzVFJDZkF4ampCU2dLTWdZVkVJWUpHZ2s,"03/10/2026, 07:00 AM, +0000 UTC",2026-03-10T07:00:00Z,
30,Puma cerca del Autódromo El Zonda: Ambiente se encuentra controlando la zona,Diario Huarpe,"https://encrypted-tbn3.gstatic.com/faviconV2?url=https://www.diariohuarpe.com&client=NEWS_360&size=96&type=FAVICON&fallback_opts=TYPE,SIZE,URL",https://www.diariohuarpe.com/nota/ambiente-confirmo-el-avistamiento-de-un-puma-suelto-cerca-del-autodromo-el-zonda-20263211620,https://pxbcdn.diariohuarpe.com/huarpe/032026/1774120319778.jpg,https://news.google.com/api/attachments/CC8iK0NnNVFMVVZtWlVwck5WUkZjakEyVFJDZkF4amlCU2dLTWdhQlk0ekFPUVU,"03/21/2026, 07:00 AM, +0000 UTC",2026-03-21T07:00:00Z,Julieta Flores Mendez
31,Puma suelto causa temor en un barrio privado,El Esquiu,"https://encrypted-tbn3.gstatic.com/faviconV2?url=https://www.elesquiu.com&client=NEWS_360&size=96&type=FAVICON&fallback_opts=TYPE,SIZE,URL",https://www.elesquiu.com/nacionales/2026/3/4/puma-suelto-causa-temor-en-un-barrio-privado-588274.html,https://www.elesquiu.com/u/fotografias/m/2026/3/4/f1280x720-587414_719089_5050.jpg,https://news.google.com/api/attachments/CC8iK0NnNUNOMUF6Tlc5YVQzRjVhbU5OVFJDZkF4ampCU2dLTWdiRkVaclZGQW8,"03/04/2026, 08:00 AM, +0000 UTC",2026-03-04T08:00:00Z,
32,Sorprende avistamiento de puma en la Reserva de la Biosfera Balam Kú en México,Escapada H,"https://encrypted-tbn2.gstatic.com/faviconV2?url=https://www.escapadah.com&client=NEWS_360&size=96&type=FAVICON&fallback_opts=TYPE,SIZE,URL",https://www.escapadah.com/tendencias/2026/3/4/sorprende-avistamiento-de-puma-en-la-reserva-de-la-biosfera-balam-ku-en-mexico-36360.html,https://www.escapadah.com/u/fotografias/m/2026/3/4/f1280x720-65568_197243_5050.jpg,https://news.google.com/api/attachments/CC8iK0NnNXFTMFEyUm5nd2Qwc3hPVUl5VFJDZkF4ampCU2dLTWdhVmhZYnNyUWM,"03/04/2026, 08:00 AM, +0000 UTC",2026-03-04T08:00:00Z,
33,Video: dos turistas recorrían una reserva natural en Mendoza y captaron el momento en el que un puma cazó a un choique,Infobae,"https://encrypted-tbn3.gstatic.com/faviconV2?url=https://www.infobae.com&client=NEWS_360&size=96&type=FAVICON&fallback_opts=TYPE,SIZE,URL",https://www.infobae.com/sociedad/2026/03/10/video-dos-turistas-recorrian-una-reserva-natural-en-mendoza-y-captaron-el-momento-en-el-que-un-puma-cazo-a-un-choique/,https://www.infobae.com/resizer/v2/YWIWRSBD4BDLRHVXV5VZ6Z4TJE.jpg?auth=9fd74a8e81544ece3cc9e67d1a1e56604a4712666d21f1bfd85ef18726100517&smart=true&width=1200&height=675&quality=85,https://news.google.com/api/attachments/CC8iL0NnNUROVEpVUmxOeVFXTnpYMEpvVFJDZkF4ampCU2dLTWdrQlVaUUZPMmRGU2dJ,"03/10/2026, 07:00 AM, +0000 UTC",2026-03-10T07:00:00Z,
34,Cortolima confirma por primera vez el avistamiento de un puma en el sur del Tolima,UNIMINUTO Radio,"https://encrypted-tbn2.gstatic.com/faviconV2?url=https://www.uniminutoradio.com.co&client=NEWS_360&size=96&type=FAVICON&fallback_opts=TYPE,SIZE,URL",https://www.uniminutoradio.com.co/cortolima-confirma-por-primera-vez-el-avistamiento-de-un-puma-en-el-sur-del-tolima/,https://www.uniminutoradio.com.co/wp-content/uploads/2026/01/WhatsApp-Image-2026-01-22-at-9.41.22-AM.jpeg,https://news.google.com/api/attachments/CC8iK0NnNXdhVU5UT1Rkd2VtdHRZMlIzVFJDb0FSaXNBaWdCTWdZQkVJR3lVQU0,"01/23/2026, 08:00 AM, +0000 UTC",2026-01-23T08:00:00Z,
35,En video: avistamiento de un puma en reserva de la UdeA,Vivir en El Poblado,"https://encrypted-tbn2.gstatic.com/faviconV2?url=https://vivirenelpoblado.com&client=NEWS_360&size=96&type=FAVICON&fallback_opts=TYPE,SIZE,URL",https://vivirenelpoblado.com/avistamiento-de-puma-universidad-de-antioquia-gomez-plata/,https://vivirenelpoblado.com/wp-content/uploads/2026/03/puma-foto.jpg,https://news.google.com/api/attachments/CC8iI0NnNUJkVmhzZW1wblIxSnFMVmxGVFJDYUF4anRCU2dLTWdB,"03/19/2026, 07:00 AM, +0000 UTC",2026-03-19T07:00:00Z,
36,Reportan recientes avistamientos del Puma concolor en varias zonas de Antioquia: esto es lo que debe hacer si se encuentra con uno,ELTIEMPO.COM,"https://encrypted-tbn1.gstatic.com/faviconV2?url=https://www.eltiempo.com&client=NEWS_360&size=96&type=FAVICON&fallback_opts=TYPE,SIZE,URL",https://www.eltiempo.com/colombia/medellin/reportan-recientes-avistamientos-del-puma-concolor-en-varias-zonas-de-antioquia-esto-es-lo-que-debe-hacer-si-se-encuentra-con-uno-3522746,https://imagenes2.eltiempo.com/files/image_1200_675/files/fp/uploads/2023/06/21/64938b0a24d7a.r_d.1039-412-0.jpeg,https://news.google.com/api/attachments/CC8iK0NnNW9hWEJLUkZkNlNuSnpaMDFLVFJDZkF4ampCU2dLTWdhWlVZZ3FKZ2s,"01/08/2026, 08:00 AM, +0000 UTC",2026-01-08T08:00:00Z,
37,“Paren todo”: así anunciaron el avistamiento de un Puma concolor en Chingaza,El Espectador,"https://encrypted-tbn1.gstatic.com/faviconV2?url=https://www.elespectador.com&client=NEWS_360&size=96&type=FAVICON&fallback_opts=TYPE,SIZE,URL",https://www.elespectador.com/ambiente/paren-todo-asi-anunciaron-el-avistamiento-de-un-puma-concolor-en-chingaza/,https://www.elespectador.com/resizer/v2/UYZFMGQLVVDYNAK57UCRPB6UNE.jpg?auth=c14aaae0c8d4f40ce26be7544b1bc97cb08fe7442a4964ff5dd19b6641839970&width=1200&height=675&smart=true&quality=80,https://news.google.com/api/attachments/CC8iK0NnNUhNalp2TkhOUVVUZE1jV1ExVFJDZkF4ampCU2dLTWdZeEFvTVIwUUk,"11/02/2025, 07:00 AM, +0000 UTC",2025-11-02T07:00:00Z,
38,El puma de Tamaulipas: el sigiloso guardián que ronda nuestras montañas,Milenio,"https://encrypted-tbn1.gstatic.com/faviconV2?url=https://www.milenio.com&client=NEWS_360&size=96&type=FAVICON&fallback_opts=TYPE,SIZE,URL",https://www.milenio.com/ciencia-y-salud/puma-tamaulipas-presencia-habitat-avistamientos-felino-silv,https://cdn.milenio.com/uploads/media/2020/11/21/tamaulipas-tiene-al-puma-en.jpg,https://news.google.com/api/attachments/CC8iL0NnNXlWalZpWVZSa1Z6STVXV0owVFJDMUF4aS1CU2dLTWdtZFlwTHlKQ2h6elFF,"11/15/2025, 08:00 AM, +0000 UTC",2025-11-15T08:00:00Z,
39,Atropellamiento de puma y avistamientos recientes motivan llamado de precaución en vías de Antioquia,MiOriente,"https://encrypted-tbn3.gstatic.com/faviconV2?url=https://mioriente.com&client=NEWS_360&size=96&type=FAVICON&fallback_opts=TYPE,SIZE,URL",https://mioriente.com/antioquia/precaucion-vias-antioquia-puma.html,,,"01/08/2026, 08:00 AM, +0000 UTC",2026-01-08T08:00:00Z,
40,¡Asombroso! Captan a un puma merodeando por las carreteras de Quetzaltenango.,Publinews,"https://encrypted-tbn2.gstatic.com/faviconV2?url=https://www.publinews.gt&client=NEWS_360&size=96&type=FAVICON&fallback_opts=TYPE,SIZE,URL",https://www.publinews.gt/virales/2026/02/05/asombroso-captan-a-un-puma-merodeando-por-las-carreteras-de-quetzaltenango/,https://www.publinews.gt/resizer/v2/HJN6SV6IGBDMNGZ622SA7646DM.jpg?smart=true&auth=6b9419e2e7e22046feec29b338769edba7ab8efcf32871fae2c2561e36929ba3&width=1200&height=630,https://news.google.com/api/attachments/CC8iK0NnNVBYelZWWVVKWk1VdHRhRk41VFJDUkF4ajhCU2dLTWdZVlE1cElvZ2s,"02/05/2026, 08:00 AM, +0000 UTC",2026-02-05T08:00:00Z,Walter Marroquin
41,Coendú advierte que avistamiento de cachorros de puma en Salto es falso,El Telégrafo,"https://encrypted-tbn0.gstatic.com/faviconV2?url=https://www.eltelegrafo.com&client=NEWS_360&size=96&type=FAVICON&fallback_opts=TYPE,SIZE,URL",https://www.eltelegrafo.com/2026/01/coendu-advierte-que-avistamiento-de-cachorros-de-puma-en-salto-es-falso/,https://www.eltelegrafo.com/wp-content/uploads/2026/01/k44684-678x381.jpg,https://news.google.com/api/attachments/CC8iK0NnNU5kemhHTFZGdmJYY3hhaTFwVFJEOUFoaW1CU2dLTWdaQkFwZ1RoUXM,"01/22/2026, 08:00 AM, +0000 UTC",2026-01-22T08:00:00Z,
42,Moviliza Avistamiento de Puma en Colonia de Monterrey; Presuntamente fue Atropellado,N+,"https://encrypted-tbn0.gstatic.com/faviconV2?url=https://www.nmas.com.mx&client=NEWS_360&size=96&type=FAVICON&fallback_opts=TYPE,SIZE,URL",https://www.nmas.com.mx/monterrey/moviliza-avistamiento-de-puma-en-colonia-sierra-alta-en-monterrey-presuntamente-fue-atropellado/,,,"02/04/2026, 08:00 AM, +0000 UTC",2026-02-04T08:00:00Z,
43,"Avistan puma en Tierra Blanca, Guanajuato; emiten recomendaciones preventivas",TV4 Noticias Guanajuato,"https://encrypted-tbn0.gstatic.com/faviconV2?url=https://tv4noticias.com&client=NEWS_360&size=96&type=FAVICON&fallback_opts=TYPE,SIZE,URL",https://tv4noticias.com/avistan-puma-en-tierra-blanca-guanajuato-emiten-recomendaciones-preventivas/,https://i2.wp.com/tv4noticias.com/wp-content/uploads/2026/01/WhatsApp-Image-2026-01-22-at-3.10.14-PM-1.jpeg?resize=1024%2C1024&ssl=1,https://news.google.com/api/attachments/CC8iNkNnNW9lV1ZNUm1NMWFsWmxhVmQxVFJDcUJCaXFCQ2dLTWc2QkFZckdrQ3FwTDJtbzRGS3pJQQ,"01/22/2026, 08:00 AM, +0000 UTC",2026-01-22T08:00:00Z,
44,Avistamiento de un puma en Colonia Charrúa confirma especie en la zona,Diario Cambio Salto,"https://encrypted-tbn1.gstatic.com/faviconV2?url=https://diariocambio.com.uy&client=NEWS_360&size=96&type=FAVICON&fallback_opts=TYPE,SIZE,URL",https://diariocambio.com.uy/avistamiento-de-un-puma-en-colonia-charrua-confirma-especie-en-la-zona,https://diariocambio.com.uy/sites/default/files/2026-01/Puma.jpg,https://news.google.com/api/attachments/CC8iK0NnNTFSR00xUlV4TlJtNWlMWFZ1VFJETEF4aWNCU2dLTWdhUng0eUhRZ1U,"01/14/2026, 08:00 AM, +0000 UTC",2026-01-14T08:00:00Z,
45,Corrientes: alerta en Santo Tomé por el avistamiento de un puma,El Litoral | Novedades de Corrientes,"https://encrypted-tbn1.gstatic.com/faviconV2?url=https://www.ellitoral.com.ar&client=NEWS_360&size=96&type=FAVICON&fallback_opts=TYPE,SIZE,URL",https://www.ellitoral.com.ar/sociedad/2026-3-15-11-8-0-corrientes-alerta-en-santo-tome-por-el-avistamiento-de-un-puma,https://pxcdn.ellitoral.com.ar/litoral/032026/1773583967087.webp?cw=350&ch=197&extw=jpg,https://news.google.com/api/attachments/CC8iK0NnNTJWREJZV0VSeGNUYzNVaTFtVFJERkFSamVBaWdLTWdhaGdaRFVNQVk,"03/15/2026, 07:00 AM, +0000 UTC",2026-03-15T07:00:00Z,
46,"Confirman presencia de puma en zona rural de La Unión, Cornare activa monitoreo y recomendaciones a la comunidad",MiOriente,"https://encrypted-tbn3.gstatic.com/faviconV2?url=https://mioriente.com&client=NEWS_360&size=96&type=FAVICON&fallback_opts=TYPE,SIZE,URL",https://mioriente.com/altiplano/la-union/puma-cornare.html,https://cdn-images-cr.sindyk.com/QpBCGv553BMqaeyZgbccvfsfL0o4MBHAqeKSF3uKcp4/rs:fit/w:420/h:0/aHR0cHM6Ly9taW9y/aWVudGUuY29tL3dw/LWNvbnRlbnQvdXBs/b2Fkcy8yMDI2LzAz/L29uZmlybWFuLXBy/ZXNlbmNpYS1kZS1w/dW1hLWVuLXpvbmEt/cnVyYWwtZGUtTGEt/VW5pb24tQ29ybmFy/ZS1hY3RpdmEtbW9u/aXRvcmVvLXktcmVj/b21lbmRhY2lvbmVz/LWEtbGEtY29tdW5p/ZGFkLTY5Nng0NjQu/anBlZw?v=2,https://news.google.com/api/attachments/CC8iK0NnNUVja0ZOYVZacU4wdE5WbnBDVFJDWUFoaWtBeWdLTWdZTkdZeUdGZ2s,"03/06/2026, 08:00 AM, +0000 UTC",2026-03-06T08:00:00Z,
47,Alerta en un country de Hudson por un puma suelto: montaron un operativo para capturarlo,Radio Dos Corrientes,"https://encrypted-tbn3.gstatic.com/faviconV2?url=https://www.radiodos.com.ar&client=NEWS_360&size=96&type=FAVICON&fallback_opts=TYPE,SIZE,URL",https://www.radiodos.com.ar/204959-alerta-en-un-country-de-hudson-por-un-puma-suelto-montaron-un-operativo-para-capturarlo,,,"03/04/2026, 08:00 AM, +0000 UTC",2026-03-04T08:00:00Z,
48,Atropellaron y mataron a un puma en un tramo de la Ruta 40,Diario 13 San Juan,"https://encrypted-tbn3.gstatic.com/faviconV2?url=https://www.canal13sanjuan.com&client=NEWS_360&size=96&type=FAVICON&fallback_opts=TYPE,SIZE,URL",https://www.canal13sanjuan.com/policial/atropellaron-y-mataron-a-un-puma-en-un-tramo-de-la-ruta-40_a697170d3a4b238967970b27c,,,"01/21/2026, 08:00 AM, +0000 UTC",2026-01-21T08:00:00Z,
49,Alerta en Zonda por el avistamiento de un puma: búsqueda e incertidumbre entre los vecinos,Tiempo de San Juan,"https://encrypted-tbn0.gstatic.com/faviconV2?url=https://www.tiempodesanjuan.com&client=NEWS_360&size=96&type=FAVICON&fallback_opts=TYPE,SIZE,URL",https://www.tiempodesanjuan.com/san-juan/alerta-zonda-el-avistamiento-un-puma-busqueda-e-incertidumbre-los-vecinos-n422447,https://media.tiempodesanjuan.com/p/712ca390f2b361be253aba127d066d39/adjuntos/331/imagenes/000/852/0000852520/1200x630/smart/image.png,https://news.google.com/api/attachments/CC8iL0NnNDBkbDlwWVV0V2RrVklNakJvVFJDUkF4ajhCU2dLTWdrMU1ZSVNvV04wdEFB,"02/05/2026, 08:00 AM, +0000 UTC",2026-02-05T08:00:00Z,
50,Denunciaron penalmente a un hombre por el maltrato de un puma,El Ancasti,"https://encrypted-tbn1.gstatic.com/faviconV2?url=https://www.elancasti.com.ar&client=NEWS_360&size=96&type=FAVICON&fallback_opts=TYPE,SIZE,URL",https://www.elancasti.com.ar/policiales/denunciaron-penalmente-un-hombre-el-maltrato-un-puma-n605948,https://media.elancasti.com.ar/p/f9d4d957f8321e841374c24992abf578/adjuntos/325/imagenes/000/406/0000406701/1200x675/smart/image.png,https://news.google.com/api/attachments/CC8iK0NnNVFVbXhFYUZGTU0yUk1jMG93VFJDZkF4ampCU2dLTWdZcEJacXVpUW8,"02/19/2026, 08:00 AM, +0000 UTC",2026-02-19T08:00:00Z,
51,“El puma que apareció en la zona norte estaba desorientado y bajo mucho estrés”,El Esquiu,"https://encrypted-tbn3.gstatic.com/faviconV2?url=https://www.elesquiu.com&client=NEWS_360&size=96&type=FAVICON&fallback_opts=TYPE,SIZE,URL",https://www.elesquiu.com/sociedad/2025/11/12/el-puma-que-aparecio-en-la-zona-norte-estaba-desorientado-bajo-mucho-estres-575301.html,https://www.elesquiu.com/u/fotografias/m/2025/11/12/f1280x720-573787_705462_4933.jpeg,https://news.google.com/api/attachments/CC8iI0NnNWxiVk5IZEhsdVRUUlBSVEJmVFJDZkF4ampCU2dLTWdB,"11/12/2025, 08:00 AM, +0000 UTC",2025-11-12T08:00:00Z,
52,Alerta en Hudson por un puma suelto en un barrio privado,Diario El Norte,"https://encrypted-tbn0.gstatic.com/faviconV2?url=https://diarioelnorte.com.ar&client=NEWS_360&size=96&type=FAVICON&fallback_opts=TYPE,SIZE,URL",https://diarioelnorte.com.ar/alerta-en-hudson-por-un-puma-suelto-en-un-barrio-privado-2/,https://diarioelnorte.com.ar/wp-content/uploads/2026/03/image-247.png,https://news.google.com/api/attachments/CC8iK0NnNWxRVEJaUzJ4VVNGRTJaREpTVFJDWUFoaWtBeWdLTWdZMUpJcVFtUWc,"03/04/2026, 08:00 AM, +0000 UTC",2026-03-04T08:00:00Z,
53,Alerta en Hudson por un puma suelto en un barrio privado,Diario El Norte,"https://encrypted-tbn0.gstatic.com/faviconV2?url=https://diarioelnorte.com.ar&client=NEWS_360&size=96&type=FAVICON&fallback_opts=TYPE,SIZE,URL",https://diarioelnorte.com.ar/alerta-en-hudson-por-un-puma-suelto-en-un-barrio-privado/,https://alpha-assets.tadevel-cdn.com/69a80f57c331fb25183fc0bf/720.jpeg,https://news.google.com/api/attachments/CC8iK0NnNDFhbmROTW05eVIxUm5XWFpLVFJEZEJCajdBeWdLTWdhdHBJcVB1UVU,"03/04/2026, 08:00 AM, +0000 UTC",2026-03-04T08:00:00Z,
54,"Sin avistamiento de puma nuevamente en San Agustín Tlaxiaca, revelan cámaras trampa",Milenio,"https://encrypted-tbn1.gstatic.com/faviconV2?url=https://www.milenio.com&client=NEWS_360&size=96&type=FAVICON&fallback_opts=TYPE,SIZE,URL",https://www.milenio.com/comunidad/avistamiento-puma-nuevamente-san-agustin-tlaxiaca,https://cdn.milenio.com/uploads/media/2025/12/20/camaras-trampa-captan-especies-san.jpeg,https://news.google.com/api/attachments/CC8iK0NnNTFabDlJTjFWU1EwZEtZMnA0VFJDVEF4ajRCU2dLTWdaUjRJUll6QU0,"12/20/2025, 08:00 AM, +0000 UTC",2025-12-20T08:00:00Z,
55,Pánico en un barrio privado por la presencia de un puma silvestre,Los Andes,"https://encrypted-tbn1.gstatic.com/faviconV2?url=https://www.losandes.com.ar&client=NEWS_360&size=96&type=FAVICON&fallback_opts=TYPE,SIZE,URL",https://www.losandes.com.ar/sociedad/panico-un-barrio-privado-la-presencia-un-puma-silvestre-n5982675,https://media.losandes.com.ar/p/822b2bd0b492810f7b9b1075e8befb9d/adjuntos/368/imagenes/100/695/0100695640/1000x0/smart/panico-un-barrio-privado-la-presencia-un-puma-silvestre.png,https://news.google.com/api/attachments/CC8iK0NnNWhiVFpOUjI5RWEwc3RaRTFrVFJDZkF4ampCU2dLTWdZSlk1Q21LZ1k,"03/04/2026, 08:00 AM, +0000 UTC",2026-03-04T08:00:00Z,
56,Buscan a un puma suelto en un barrio privado de Hudson,El Diario Sur,"https://encrypted-tbn1.gstatic.com/faviconV2?url=https://www.eldiariosur.com&client=NEWS_360&size=96&type=FAVICON&fallback_opts=TYPE,SIZE,URL",https://www.eldiariosur.com/provinciales/2026/3/4/buscan-un-puma-suelto-en-un-barrio-privado-de-hudson-78216.html,,,"03/04/2026, 08:00 AM, +0000 UTC",2026-03-04T08:00:00Z,
57,Reportan avistamiento de puma en Huatulco,Meganoticias.MX,"https://encrypted-tbn3.gstatic.com/faviconV2?url=https://www.meganoticias.mx&client=NEWS_360&size=96&type=FAVICON&fallback_opts=TYPE,SIZE,URL",https://www.meganoticias.mx/salina-cruz/noticia/reportan-avistamiento-de-puma-en-huatulco/703371,https://www.meganoticias.mx/uploads/noticias/reportan-avistamiento-de-puma-en-huatulco-703371.jpg,https://news.google.com/api/attachments/CC8iI0NnNUJVbEZZWTJGTVgycERNRFYwVFJEZ0F4aUFCU2dLTWdB,"01/28/2026, 08:15 PM, +0000 UTC",2026-01-28T20:15:04Z,
58,Un puma silvestre apareció en un barrio privado y activó un operativo en Berazategui,Somos Jujuy,"https://encrypted-tbn2.gstatic.com/faviconV2?url=https://www.somosjujuy.com.ar&client=NEWS_360&size=96&type=FAVICON&fallback_opts=TYPE,SIZE,URL",https://www.somosjujuy.com.ar/sociedad/un-puma-silvestre-aparecio-barrio-privado-activo-operativo-berazategui-n114541,,,"03/04/2026, 08:00 AM, +0000 UTC",2026-03-04T08:00:00Z,
59,Avistan puma en el Salto del Itata de la comuna de Yungay,Radio UdeC,"https://encrypted-tbn1.gstatic.com/faviconV2?url=https://www.radioudec.cl&client=NEWS_360&size=96&type=FAVICON&fallback_opts=TYPE,SIZE,URL",https://www.radioudec.cl/avistan-puma-en-el-salto-del-itata-de-la-comuna-de-yungay/,https://www.radioudec.cl/wp-content/uploads/2024/11/IMG-20241123-WA0019-1.jpg,https://news.google.com/api/attachments/CC8iK0NnNVFja2N3WjJ4cGFsSlllVmMzVFJDaEF4allCQ2dLTWdZTk1wUnFJUWc,"11/25/2024, 08:00 AM, +0000 UTC",2024-11-25T08:00:00Z,
60,Registran a puma en un complejo habitado de Puerto Varas: Así fue el impresionante avistamiento en Los Lagos,megatiempo.cl,"https://encrypted-tbn3.gstatic.com/faviconV2?url=https://www.megatiempo.cl&client=NEWS_360&size=96&type=FAVICON&fallback_opts=TYPE,SIZE,URL",https://www.megatiempo.cl/noticias/7086-puma-puerto-varas-los-lagos-1ab.html,https://images2-mega.cdn.mdstrm.com/megatiempo/2025/07/21/7086_1_687e3a7b8954f.jpg?d=1200x675,https://news.google.com/api/attachments/CC8iK0NnNTBPSFZyWjB4dldWRmxUSEJ6VFJDZkF4ampCU2dLTWdhcGRKak5zUWM,"07/21/2025, 07:00 AM, +0000 UTC",2025-07-21T07:00:00Z,
61,Avistan puma en el Salto del Itata de la comuna de Yungay,La Discusión,"https://encrypted-tbn3.gstatic.com/faviconV2?url=https://ladiscusion.cl&client=NEWS_360&size=96&type=FAVICON&fallback_opts=TYPE,SIZE,URL",https://ladiscusion.cl/avistan-puma-en-el-salto-del-itata-de-la-comuna-de-yungay/,https://ladiscusion.cl/wp-content/uploads/2024/11/IMG-20241123-WA0019-1-1.jpg?w=640,https://news.google.com/api/attachments/CC8iK0NnNWxXWHBIZUZwUU1tUnhTbUpJVFJDVUF4allCQ2dLTWdZSllKTEtMUWM,"11/25/2024, 08:00 AM, +0000 UTC",2024-11-25T08:00:00Z,
62,SAG instaló cámaras trampa en sector de avistamiento de puma,Diario Concepción,"https://encrypted-tbn3.gstatic.com/faviconV2?url=https://www.diarioconcepcion.cl&client=NEWS_360&size=96&type=FAVICON&fallback_opts=TYPE,SIZE,URL",https://www.diarioconcepcion.cl/ciudad/2023/12/04/sag-instalo-camaras-trampa-en-sector-de-avistamiento-de-puma.html,https://assets.diarioconcepcion.cl/2023/12/pag-9-puma-foto-sag-850x400.jpg,https://news.google.com/api/attachments/CC8iK0NnNUZSelJtUTI5d1QxOUtXalIyVFJEOEFoaW5CaWdLTWdZVkpaeElsZ28,"12/04/2023, 08:00 AM, +0000 UTC",2023-12-04T08:00:00Z,
63,"Auditor detalla avistamiento de puma en calle de Pirque: ""Es un ejemplar grandísimo""",BioBioChile,"https://encrypted-tbn3.gstatic.com/faviconV2?url=https://www.biobiochile.cl&client=NEWS_360&size=96&type=FAVICON&fallback_opts=TYPE,SIZE,URL",https://www.biobiochile.cl/biobiotv/programas/expreso-bio-bio/2025/01/06/auditor-detalla-avistamiento-de-puma-en-calle-de-pirque-es-un-ejemplar-grandisimo.shtml,https://media.biobiochile.cl/wp-content/uploads/2025/01/avistamiento-puma.jpg,https://news.google.com/api/attachments/CC8iK0NnNWhORU51UWpGVlUxcGFjamxFVFJDU0F4ajdCU2dLTWdZTkVJeTBMQVU,"01/06/2025, 08:00 AM, +0000 UTC",2025-01-06T08:00:00Z,
64,Avistamiento de puma genera alarma en Lo Barnechea: Vecinos denuncian que mascotas han sido atacadas de gravedad,CNN Chile,"https://encrypted-tbn2.gstatic.com/faviconV2?url=https://www.cnnchile.com&client=NEWS_360&size=96&type=FAVICON&fallback_opts=TYPE,SIZE,URL",https://www.cnnchile.com/pais/avistamiento-de-puma-genera-alarma-en-lo-barnechea-vecinos-denuncian-que-mascotas-han-sido-atacadas-de-gravedad_20250121/,https://media.cnnchile.com/sites/2/2025/01/A_UNO_140242-740x430.jpg,https://news.google.com/api/attachments/CC8iK0NnNDVPVXhuVFU1S2QxQlZXRFV4VFJDbUF4alhCU2dLTWdhdGc0NlBNUWM,"01/21/2025, 08:00 AM, +0000 UTC",2025-01-21T08:00:00Z,
65,"Reportan avistamiento de un puma en San Agustín Tlaxiaca, Hidalgo",El Universal,"https://encrypted-tbn1.gstatic.com/faviconV2?url=https://www.eluniversal.com.mx&client=NEWS_360&size=96&type=FAVICON&fallback_opts=TYPE,SIZE,URL",https://www.eluniversal.com.mx/estados/reportan-avistamiento-de-un-puma-en-san-agustin-tlaxiaca-hidalgo/,https://www.eluniversal.com.mx/resizer/v2/XIEGYVTWRRDIJAAM4QR2JEGJ7Y.jpg?auth=ac27a7319472614f7bfe35a2c45ab453c161bd6bb8fcdd55d1bd6431d1feb9f3&smart=true&width=1200&height=740,https://news.google.com/api/attachments/CC8iK0NnNWZhVXhYVjBkR09VTlNTa0pHVFJDekF4akJCU2dLTWdhMWM0YVBxUWM,"10/29/2025, 07:00 AM, +0000 UTC",2025-10-29T07:00:00Z,
66,Tres animales emblemáticos de la fauna andina estarán presentes en las actividades de las Vacaciones de Invierno,mendoza.gov.ar,"https://encrypted-tbn0.gstatic.com/faviconV2?url=https://www.mendoza.gov.ar&client=NEWS_360&size=96&type=FAVICON&fallback_opts=TYPE,SIZE,URL",https://www.mendoza.gov.ar/prensa/tres-animales-emblematicos-de-la-fauna-andina-estaran-presentes-en-las-actividades-de-las-vacaciones-de-invierno/,https://www.mendoza.gov.ar/wp-content/uploads/sites/5/2025/06/PumaPresentacion_Feed_1080-1350.png,https://news.google.com/api/attachments/CC8iL0NnNXhVVEUwVEdObGVGUTFiRmxEVFJEckJCanZBeWdLTWdrUk1KQkpKcWM4cHdJ,"06/26/2025, 07:00 AM, +0000 UTC",2025-06-26T07:00:00Z,
67,Alarma por avistamiento de puma entre las casas de Chiguayante,Canal 13,"https://encrypted-tbn0.gstatic.com/faviconV2?url=https://www.13.cl&client=NEWS_360&size=96&type=FAVICON&fallback_opts=TYPE,SIZE,URL",https://www.13.cl/programas/servicios-13/actualidad/alarma-por-avistamiento-de-puma-entre-las-casas-de-chiguayante-0,https://s.13.cl/sites/default/files/styles/manualcrop_1600x800/public/programas/articulos/field-imagen/2023-11/duo_-_2023-11-22t142613.868.jpg.jpeg?itok=Qn04MyNk,https://news.google.com/api/attachments/CC8iJ0NnNUROazFLVHpoeFFUZENhMnhCVFJDY0F4am9CU2dLTWdNVmtBdw,"11/22/2023, 08:00 AM, +0000 UTC",2023-11-22T08:00:00Z,
68,Melipeuco: Rescatan a puma atrapada en un huache,Mestizos Magazine,"https://encrypted-tbn0.gstatic.com/faviconV2?url=https://www.mestizos.cl&client=NEWS_360&size=96&type=FAVICON&fallback_opts=TYPE,SIZE,URL",https://www.mestizos.cl/actualidad-animal/2025/05/20/melipeuco-rescatan-a-puma-atrapada-en-un-huache.html,https://img.mestizos.cl/upload/2025/05/17161D514C43416D141F0F56524940741F1319185344417012-2000x1125.jpeg,https://news.google.com/api/attachments/CC8iI0NnNXlRVjlyYUZCbFFXMUJVVzFFVFJDZkF4ampCU2dLTWdB,"05/20/2025, 07:00 AM, +0000 UTC",2025-05-20T07:00:00Z,
69,Encuentran puma descuartizado en las Torres del Paine,latribuna.cl,"https://encrypted-tbn2.gstatic.com/faviconV2?url=https://www.latribuna.cl&client=NEWS_360&size=96&type=FAVICON&fallback_opts=TYPE,SIZE,URL",https://www.latribuna.cl/medio-ambiente/2025/04/24/encuentran-puma-descuartizado-en-las-torres-del-paine.html,https://img.latribuna.cl/upload/2025/04/17161D514C43406D17120F56514947731F141E18534A43781C17-2000x1125.jpg,https://news.google.com/api/attachments/CC8iJ0NnNUZPWFo0V1dvNFdWSTJhV0pEVFJDZkF4ampCU2dLTWdNTm9CQQ,"04/24/2025, 07:00 AM, +0000 UTC",2025-04-24T07:00:00Z,
70,Avistamiento de puma en Valle de la Piedra: expertos analizan comportamiento de fauna silvestre,TVU | Televisión Universidad de Concepción,"https://encrypted-tbn0.gstatic.com/faviconV2?url=https://www.tvu.cl&client=NEWS_360&size=96&type=FAVICON&fallback_opts=TYPE,SIZE,URL",https://www.tvu.cl/prensa/tvu-noticias/2023/12/05/avistamiento-de-puma-en-valle-de-la-piedra-expertos-analizan-comportamiento-de-fauna-silvestre.html,https://assets.tvu.cl/2023/12/pag-9-puma-foto-sag-850x500-850x400.jpeg,https://news.google.com/api/attachments/CC8iK0NnNXFWMGQ0ZERWamFERTVlRGxMVFJDYUFSakhBaWdCTWdZVkpaeElsZ28,"12/05/2023, 08:00 AM, +0000 UTC",2023-12-05T08:00:00Z,
71,Alertan por avistamiento de puma en zona urbana de San Agustín Tlaxiaca,La Silla Rota,"https://encrypted-tbn2.gstatic.com/faviconV2?url=https://lasillarota.com&client=NEWS_360&size=96&type=FAVICON&fallback_opts=TYPE,SIZE,URL",https://lasillarota.com/hidalgo/local/2025/10/29/alertan-por-avistamiento-de-puma-en-zona-urbana-de-san-agustin-tlaxiaca-565341.html,https://lasillarota.com/u/fotografias/m/2025/10/29/f618x335-800756_830349_5950.jpeg,https://news.google.com/api/attachments/CC8iI0NnNUlhR0pIUkdZdGMwYzVWVGxaVFJEUEFoanFCQ2dLTWdB,"10/29/2025, 07:00 AM, +0000 UTC",2025-10-29T07:00:00Z,
72,Avistamiento de puma concolor en Loreto desata ola de elogios: “Un instante mágico”,Infobae,"https://encrypted-tbn3.gstatic.com/faviconV2?url=https://www.infobae.com&client=NEWS_360&size=96&type=FAVICON&fallback_opts=TYPE,SIZE,URL",https://www.infobae.com/peru/2025/03/12/avistamiento-de-puma-concolor-en-loreto-desata-ola-de-elogios-un-instante-magico/,https://www.infobae.com/resizer/v2/HL6B4CDYXRGYLGD7XKI2OVROTI.jpg?auth=100addec32515a52378767f834ac55094c009054fab1b284f24c0b9f9534059c&smart=true&width=1200&height=675&quality=85,https://news.google.com/api/attachments/CC8iJ0NnNTRhSHB4VnpCM1ozcFFOblJ0VFJDZkF4ampCU2dLTWdNQlFRZw,"03/11/2025, 07:00 AM, +0000 UTC",2025-03-11T07:00:00Z,
73,SAG monitorea avistamiento de puma en el sector de Ilque en Puerto Montt,RadioSago,"https://encrypted-tbn0.gstatic.com/faviconV2?url=https://www.radiosago.cl&client=NEWS_360&size=96&type=FAVICON&fallback_opts=TYPE,SIZE,URL",https://www.radiosago.cl/sag-monitorea-avistamiento-de-puma-en-el-sector-de-ilque-en-puerto-montt/,https://www.radiosago.cl/wp-content/uploads/2020/10/pumaechado2-sel.jpg,https://news.google.com/api/attachments/CC8iK0NnNUlWVXRTVjNBdFpWWllaRWc0VFJERUF4aW5CU2dLTWdhcGs0eU91UVU,"01/15/2025, 08:00 AM, +0000 UTC",2025-01-15T08:00:00Z,
74,Confirman avistamiento de puma en San Agustín Tlaxiaca; autoridades piden extremar precauciones,La Jornada Hidalgo,"https://encrypted-tbn1.gstatic.com/faviconV2?url=https://lajornadahidalgo.com&client=NEWS_360&size=96&type=FAVICON&fallback_opts=TYPE,SIZE,URL",https://lajornadahidalgo.com/confirman-avistamiento-de-puma-en-san-agustin-tlaxiaca-autoridades-piden-extremar-precauciones/,https://lajornadahidalgo.com/resizer/3mHi-JEnF4vs400UsmSBl4k4rpw=/1200x755/filters:format(webp)/https://wp.lajornada-hidalgo.prod.andes.news/wp-content/uploads/2025/10/Avistamiento-de-Puma-en-San-Agustin-Tlaxiaca.jpg,https://news.google.com/api/attachments/CC8iK0NnNUxXbkZqV25CblVYUnRTMkZxVFJDM0F4aTZCU2dLTWdiRmdJWVVNUWM,"10/29/2025, 07:00 AM, +0000 UTC",2025-10-29T07:00:00Z,Ricardo Castillo
75,Cámaras trampa en Parque Nacional Puyehue detectan una sorprendente y desconocida fauna,La Tercera,"https://encrypted-tbn0.gstatic.com/faviconV2?url=https://www.latercera.com&client=NEWS_360&size=96&type=FAVICON&fallback_opts=TYPE,SIZE,URL",https://www.latercera.com/que-pasa/noticia/camaras-trampa-en-parque-nacional-puyehue-detectan-una-sorprendente-y-desconocida-fauna/V6D6XZSYWRF67KN5PBF5QAKPAQ/,https://www.latercera.com/resizer/v2/MHSU223Z7NFA7ACKA4IMPQ7GPQ.jpg?auth=1bc68b92b669218ccb0a730c7f9f61433b0ab59b9145efa57ab4612b15df026b&width=1200&smart=true,https://news.google.com/api/attachments/CC8iI0NnNXlOV2xUTXpKM1dUVmtjVEZvVFJDWUF4anZCU2dLTWdB,"04/04/2023, 07:00 AM, +0000 UTC",2023-04-04T07:00:00Z,Carlos Montes Z
76,Sobre el avistamiento de un Puma (Puma concolor) en límites entre Montebello y el Oriente Antioqueño,Cornare,"https://encrypted-tbn1.gstatic.com/faviconV2?url=https://www.cornare.gov.co&client=NEWS_360&size=96&type=FAVICON&fallback_opts=TYPE,SIZE,URL",https://www.cornare.gov.co/noticias-corporativas/sobre-el-avistamiento-de-un-puma-puma-concolor-en-limites-entre-montebello-y-el-oriente-antioqueno/,https://www.cornare.gov.co/wp-content/uploads/2025/04/125A0761-Enhanced-NR.jpg,https://news.google.com/api/attachments/CC8iK0NnNWFWVm8xYWtsWlUzSkdaek5uVFJERUF4aW1CU2dLTWdZZGQ0b3FyZ1k,"04/17/2025, 07:00 AM, +0000 UTC",2025-04-17T07:00:00Z,
77,¿Turismo de pumas?: Los grandes problemas que genera la poca regulación del avistamiento de la fauna en La Patagonia,Publimetro,"https://encrypted-tbn2.gstatic.com/faviconV2?url=https://www.publimetro.cl&client=NEWS_360&size=96&type=FAVICON&fallback_opts=TYPE,SIZE,URL",https://www.publimetro.cl/noticias/2023/09/26/turismo-de-pumas-los-grandes-problemas-que-genera-la-poca-regulacion-del-avistamiento-de-la-fauna-en-la-patagonia/,https://www.publimetro.cl/resizer/v2/BNQDKRVVSFG3FFASC6RP3MV744.jpeg?smart=true&auth=6fc3590a7312a7d43c11ab7f223b0f3b3279db1fe21fbfc28c03495115f7ebf7&width=1600&height=900,https://news.google.com/api/attachments/CC8iK0NnNDFlbFoyWmxaQ2JVOUlUR2hZVFJDZkF4ampCU2dLTWdhQmM0cXNzUVk,"09/26/2023, 07:00 AM, +0000 UTC",2023-09-26T07:00:00Z,Carolina Acevedo
78,La Municipalidad de Pirque informa avistamiento de un puma en el sector El Principal,Portal Puente Alto,"https://encrypted-tbn3.gstatic.com/faviconV2?url=https://www.portalpuentealto.cl&client=NEWS_360&size=96&type=FAVICON&fallback_opts=TYPE,SIZE,URL",https://www.portalpuentealto.cl/la-municipalidad-de-pirque-informa-avistamiento-de-un-puma-en-el-sector-el-principal/,https://www.portalpuentealto.cl/wp-content/uploads/2025/01/146.jpg,https://news.google.com/api/attachments/CC8iK0NnNWhOR0UxVW1OV1F6ZEJialpwVFJERUF4aW1CU2dLTWdZVmxaVExOUWM,"01/06/2025, 08:00 AM, +0000 UTC",2025-01-06T08:00:00Z,
79,"Familia graba avistamiento de un puma en Hualqui: SAG recomienda ""no darle la espalda""",24horas,"https://encrypted-tbn0.gstatic.com/faviconV2?url=https://www.24horas.cl&client=NEWS_360&size=96&type=FAVICON&fallback_opts=TYPE,SIZE,URL",https://www.24horas.cl/regiones/zona-centro/biobio/familia-graba-avistamiento-de-un-puma-en-hualqui-sag,https://www.24horas.cl/24horas/site/artic/20230810/imag/foto_0000000820230810222415/ipiccy_image_27.jpg,https://news.google.com/api/attachments/CC8iJ0NnNUZZemRqYUdGVVpXbGZUR3BhVFJDaUF4amRCU2dLTWdNUmdSQQ,"08/11/2023, 07:00 AM, +0000 UTC",2023-08-11T07:00:00Z,
80,"Puma, huemul, chinchilla y más: Estas son los animales de la fauna chilena que se encuentran en peligro",romantica.cl,"https://encrypted-tbn1.gstatic.com/faviconV2?url=https://www.romantica.cl&client=NEWS_360&size=96&type=FAVICON&fallback_opts=TYPE,SIZE,URL",https://www.romantica.cl/nacional/2023/01/04/puma-huemul-chinchilla-y-mas-estas-son-los-animales-de-la-fauna-chilena-que-se-encuentran-en-peligro.html,https://assets.megamediaradios.fm/sites/3/2023/01/Diseno-sin-titulo-90-974x547.png,https://news.google.com/api/attachments/CC8iK0NnNTVaMlpvZUdKdk9FaDZZVkI1VFJDZkF4ampCU2dLTWdZQlVKSllNQVk,"01/04/2023, 08:00 AM, +0000 UTC",2023-01-04T08:00:00Z,
81,Cámaras trampa confirman alta presencia de fauna nativa en el Parque Nacional Puyehue,Gobierno de Chile,"https://encrypted-tbn0.gstatic.com/faviconV2?url=https://www.gob.cl&client=NEWS_360&size=96&type=FAVICON&fallback_opts=TYPE,SIZE,URL",https://www.gob.cl/noticias/camaras-trampa-confirman-alta-presencia-de-fauna-nativa-en-el-parque-nacional-puyehue/,https://s3.amazonaws.com/gobcl-prod/filer_public_thumbnails/public_files/Campa%C3%B1as/Corona-Virus/Reportes/carancho-parque-nacional-puyehue.jpg__1440x2000_q70_subsampling-2.jpg,https://news.google.com/api/attachments/CC8iK0NnNXpSbEJGUjNGUlVHNW9aRkJWVFJDaEF4amVCU2dLTWdZQjlZVE55UU0,"03/31/2023, 07:00 AM, +0000 UTC",2023-03-31T07:00:00Z,
82,"En video: tras avistamiento de un puma en zona rural de Antioquia, autoridades emitieron recomendaciones a la población",Infobae,"https://encrypted-tbn3.gstatic.com/faviconV2?url=https://www.infobae.com&client=NEWS_360&size=96&type=FAVICON&fallback_opts=TYPE,SIZE,URL",https://www.infobae.com/colombia/2025/04/25/en-video-tras-avistamiento-de-un-puma-en-zona-rural-de-antioquia-autoridades-emitieron-recomendaciones-a-la-poblacion/,https://www.infobae.com/resizer/v2/N2VHLX3MSJHKXF4OEXA27W6OZE.jpg?auth=8a710327dcd44d7c83e249d666a623d8798ce84db184c7bead731c563643478d&smart=true&width=1200&height=675&quality=85,https://news.google.com/api/attachments/CC8iK0NnNVZPSGxMUm1abmR6WlZVRXB4VFJDZkF4ampCU2dLTWdheGM0NXdyUVk,"04/25/2025, 07:00 AM, +0000 UTC",2025-04-25T07:00:00Z,
83,Captan por primera vez a especie de animal silvestre en Piura: hallazgo histórico para la ciencia peruana,Infobae,"https://encrypted-tbn3.gstatic.com/faviconV2?url=https://www.infobae.com&client=NEWS_360&size=96&type=FAVICON&fallback_opts=TYPE,SIZE,URL",https://www.infobae.com/peru/2025/07/09/captan-por-primera-vez-a-especie-de-animal-silvestre-en-piura-hallazgo-historico-para-la-ciencia-peruana/,https://www.infobae.com/resizer/v2/MVOTT5LKABAKHPUV2O3BGEDOSE.jpg?auth=08f39d59f4deacb06f4d4b295e2f74918b2c3f9e204677f4fb94007fa8c4a8c4&smart=true&width=1200&height=675&quality=85,https://news.google.com/api/attachments/CC8iJ0NnNU5NRTVrUlRaMGRrRk1aa1ZwVFJDZkF4ampCU2dLTWdOVjFCQQ,"07/09/2025, 07:00 AM, +0000 UTC",2025-07-09T07:00:00Z,
84,Reportan avistamiento de un puma en las cercanías de San José de Maipo,Teletrece,"https://encrypted-tbn2.gstatic.com/faviconV2?url=https://www.t13.cl&client=NEWS_360&size=96&type=FAVICON&fallback_opts=TYPE,SIZE,URL",https://www.t13.cl/noticia/nacional/reportan-avistamiento-puma-cercanias-san-jose-maipo-01-06-2022,https://s.t13.cl/sites/default/files/styles/manualcrop_1600x800/public/t13/field-imagen/2022-06/1654103418-pumasanjose.jpg.jpeg?itok=GhrgvBOs,https://news.google.com/api/attachments/CC8iK0NnNUhNRk14YTJ0MVExVXhMVE5EVFJDLUF4aXZCU2dLTWdZUlVKcUhKZ2c,"06/01/2022, 07:00 AM, +0000 UTC",2022-06-01T07:00:00Z,
85,Avistamiento de pumas en Trapén alerta a vecinos y autoridades de Puerto Montt,Patagonia Radio,"https://encrypted-tbn2.gstatic.com/faviconV2?url=https://patagoniaradio.cl&client=NEWS_360&size=96&type=FAVICON&fallback_opts=TYPE,SIZE,URL",https://patagoniaradio.cl/avistamiento-de-pumas-en-trapen-alerta-a-vecinos-y-autoridades-de-puerto,https://patagoniaradio.cl/patagonia/site/artic/20240928/imag/foto_0000001820240928085906/madre-y-cachorro-puma.jpg,https://news.google.com/api/attachments/CC8iK0NnNVBja1V3V1RaNU9HMTNjelJhVFJDaEF4amdCU2dLTWdZZEJaU3VqUWM,"09/28/2024, 07:00 AM, +0000 UTC",2024-09-28T07:00:00Z,
86,Lake Dallas: avistamiento de un puma,Telemundo Dallas,"https://encrypted-tbn0.gstatic.com/faviconV2?url=https://www.telemundodallas.com&client=NEWS_360&size=96&type=FAVICON&fallback_opts=TYPE,SIZE,URL",https://www.telemundodallas.com/video/noticias/videos-noticias/lake-dallas-avistamiento-de-un-puma/2468049/,https://media.telemundodallas.com/2024/11/35715703967-1080pnbcstations.jpg?quality=85&strip=all&resize=1200%2C675,https://news.google.com/api/attachments/CC8iK0NnNDJkemhpUjFScmIzTnBiRFpHVFJDZkF4ampCU2dLTWdhZEVZcFFNUVU,"11/08/2024, 08:00 AM, +0000 UTC",2024-11-08T08:00:00Z,
87,Vecinos de Lo Barnechea registran nuevo avistamiento de puma en zona residencial,El Mostrador,"https://encrypted-tbn3.gstatic.com/faviconV2?url=https://www.elmostrador.cl&client=NEWS_360&size=96&type=FAVICON&fallback_opts=TYPE,SIZE,URL",https://www.elmostrador.cl/noticias/multimedia/2020/07/06/vecinos-de-lo-barneche-registran-nuevo-avistamiento-de-puma-en-zona-residencial/,https://media-front.elmostrador.cl/2020/07/PUMA-AVISTAMIENTO.jpg,https://news.google.com/api/attachments/CC8iK0NnNXBRMFp0V0hnMlN6UnJjMVIyVFJEMUFSaXNBeWdLTWdhQkZKQ3NHUWc,"07/06/2020, 07:00 AM, +0000 UTC",2020-07-06T07:00:00Z,
88,Advierten a residentes de Rocklin sobre avistamiento de un puma en el área,Telemundo Sacramento,"https://encrypted-tbn3.gstatic.com/faviconV2?url=https://www.telemundo33.com&client=NEWS_360&size=96&type=FAVICON&fallback_opts=TYPE,SIZE,URL",https://www.telemundo33.com/noticias/local/avistamiento-puma-recomendaciones-rocklin/2310538/,https://media.telemundo33.com/2019/09/puma-ataque-colorado.jpg?quality=85&strip=all&fit=1200%2C675,https://news.google.com/api/attachments/CC8iK0NnNW9ZM1p3UlVKUFNGVnpaM05zVFJDZkF4ampCU2dLTWdhUlJvQXBKZ00,"09/17/2025, 07:00 AM, +0000 UTC",2025-09-17T07:00:00Z,
89,¿Qué hacer y cómo actuar si aparece un puma en la ruta?,El Destape,"https://encrypted-tbn3.gstatic.com/faviconV2?url=https://www.eldestapeweb.com&client=NEWS_360&size=96&type=FAVICON&fallback_opts=TYPE,SIZE,URL",https://www.eldestapeweb.com/atr/animales/que-hacer-y-como-actuar-si-aparece-un-puma-en-la-ruta--202572917216,https://cdn.eldestapeweb.com/eldestape/072025/1753816789993.webp?cw=720&ch=720&extw=jpeg,https://news.google.com/api/attachments/CC8iK0NnNUpUMWxHYVd4NWNWOVpVMFpSVFJDcUJCaXFCQ2dLTWdZZGhZN011UVU,"07/29/2025, 07:00 AM, +0000 UTC",2025-07-29T07:00:00Z,
90,Alerta por avistamiento de puma en localidad de Calama,Teletrece,"https://encrypted-tbn2.gstatic.com/faviconV2?url=https://www.t13.cl&client=NEWS_360&size=96&type=FAVICON&fallback_opts=TYPE,SIZE,URL",https://www.t13.cl/noticia/nacional/alerta-ante-presencia-puma-localidad-calama-15-8-2024,https://s.t13.cl/sites/default/files/styles/manualcrop_1600x800/public/t13/field-imagen/2024-08/puma%20en%20Turi.JPG.jpeg?itok=gqMvRcAG,https://news.google.com/api/attachments/CC8iI0NnNVpVM0ZzZEhkU2QxRm1VMEZIVFJDb0FSaXNBaWdCTWdB,"08/15/2024, 07:00 AM, +0000 UTC",2024-08-15T07:00:00Z,
91,Puma: el animal silvestre terrestre con más amplia distribución en el continente americano,Montevideo Portal,"https://encrypted-tbn2.gstatic.com/faviconV2?url=https://www.montevideo.com.uy&client=NEWS_360&size=96&type=FAVICON&fallback_opts=TYPE,SIZE,URL",https://www.montevideo.com.uy/Archivo/Puma-el-animal-silvestre-terrestre-con-mas-amplia-distribucion-en-el-continente-americano-uc781749,https://imagenes.montevideo.com.uy/imgnoticias/202103/_W640_H364_80/756836.png,https://news.google.com/api/attachments/CC8iK0NnNHhabXRHVDJsQmEweHNSR1owVFJEc0FoaUFCU2dLTWdZbE5aRE1uUWM,"06/05/2025, 06:16 PM, +0000 UTC",2025-06-05T18:16:56Z,Javier A. Pereira
92,Puma andino: amenazas y beneficios del segundo felino más grande de América,Actualidad Ambiental,"https://encrypted-tbn1.gstatic.com/faviconV2?url=https://www.actualidadambiental.pe&client=NEWS_360&size=96&type=FAVICON&fallback_opts=TYPE,SIZE,URL",https://www.actualidadambiental.pe/puma-andino-amenazas-y-beneficios-del-segundo-felino-mas-grande-de-america/,https://www.actualidadambiental.pe/wp-content/uploads/2023/08/puma_andino_gob-700x394.jpg,https://news.google.com/api/attachments/CC8iK0NnNXlTMGxMU2tvek1FZzNXV3g0VFJDS0F4aThCU2dLTWdhMVk1SlJyUVk,"08/30/2023, 07:00 AM, +0000 UTC",2023-08-30T07:00:00Z,
93,"Puma rescatada en Girardota, Antioquia, no logrará volver a la vida silvestre | El Colombiano",El Colombiano,"https://encrypted-tbn0.gstatic.com/faviconV2?url=https://www.elcolombiano.com&client=NEWS_360&size=96&type=FAVICON&fallback_opts=TYPE,SIZE,URL",https://www.elcolombiano.com/antioquia/puma-rescatada-girardota-no-volvera-vida-silvestre-EL29995670,https://estaticos.elcolombiano.com/binrepository/1080x710/0c17/1080d675/none/11101/DUOK/whatsapp-image-2025-10-14-at-8-40-21-am_49011505_20251015063300.jpg,https://news.google.com/api/attachments/CC8iK0NnNDVlRU5CVFVvd2RsUkJiVzVDVFJDMkF4aTlCU2dLTWdZSnRZN0ZRZ1U,"10/15/2025, 07:00 AM, +0000 UTC",2025-10-15T07:00:00Z,
94,Avistamiento de puma en Providencia y Ñuñoa alerta a vecinos,Cooperativa.cl,"https://encrypted-tbn0.gstatic.com/faviconV2?url=https://www.cooperativa.cl&client=NEWS_360&size=96&type=FAVICON&fallback_opts=TYPE,SIZE,URL",https://www.cooperativa.cl/noticias/pais/medioambiente/animales/avistamiento-de-puma-en-providencia-y-nunoa-alerta-a-vecinos/2020-03-24/054011.html,https://www.cooperativa.cl/noticias/site/artic/20200324/imag/foto_0000004020200324054011.jpg,https://news.google.com/api/attachments/CC8iL0NnNXFaMlpyVVVodVYwSmliMWhMVFJDZkF4amlCU2dLTWdrdEVvSnZGZWxFcmdB,"03/24/2020, 07:00 AM, +0000 UTC",2020-03-24T07:00:00Z,
95,"🐾 Rescataron un puma cachorro en Zonda: estaba solo, herido y deshidratado",Diario Huarpe,"https://encrypted-tbn3.gstatic.com/faviconV2?url=https://www.diariohuarpe.com&client=NEWS_360&size=96&type=FAVICON&fallback_opts=TYPE,SIZE,URL",https://www.diariohuarpe.com/nota/ambiente-rescato-un-puma-cachorro-en-una-finca-de-zonda-202510715190,https://pxbcdn.diariohuarpe.com/huarpe/102025/1759860597240/2ab9e966-168e-4e60-9635-f0a8b3f25884-jpeg..jpeg,https://news.google.com/api/attachments/CC8iK0NnNXJSMU5qVnpsTlRtcFRPVlJJVFJDVkF4alFCU2dLTWdaTkFJQjRWQUU,"10/07/2025, 07:00 AM, +0000 UTC",2025-10-07T07:00:00Z,
96,Nuevo avistamiento de puma en la zona oriente de Santiago,MMA – Ministerio del Medio Ambiente,"https://encrypted-tbn2.gstatic.com/faviconV2?url=https://mma.gob.cl&client=NEWS_360&size=96&type=FAVICON&fallback_opts=TYPE,SIZE,URL",https://mma.gob.cl/nuevo-avistamiento-de-puma-en-la-zona-oriente-de-santiago/,https://mma.gob.cl/wp-content/uploads/2015/06/puma-900x380.jpg,https://news.google.com/api/attachments/CC8iK0NnNXNMVTVmT0ZWa2J5MTVVbFpZVFJEb0FoalVCaWdLTWdZaE5wVE1IUWs,"06/22/2015, 07:00 AM, +0000 UTC",2015-06-22T07:00:00Z,
97,No lo lastimen: alertan sobre la presencia de un puma en San Miguel de Allende,La Silla Rota,"https://encrypted-tbn2.gstatic.com/faviconV2?url=https://lasillarota.com&client=NEWS_360&size=96&type=FAVICON&fallback_opts=TYPE,SIZE,URL",https://lasillarota.com/guanajuato/estado/2025/7/23/no-lo-lastimen-alertan-sobre-la-presencia-de-un-puma-en-san-miguel-de-allende-546857.html,https://lasillarota.com/u/fotografias/m/2025/7/23/f618x335-765275_794868_5050.jpeg,https://news.google.com/api/attachments/CC8iK0NnNWpPR3R5T1ZKaU5HTldNQzF0VFJEUEFoanFCQ2dLTWdZUm9JU1d6QUk,"07/23/2025, 07:00 AM, +0000 UTC",2025-07-23T07:00:00Z,
98,Operativo. Un joven tenía un puma cachorro de mascota en Salta: las autoridades lo rescataron,La Voz del Interior,"https://encrypted-tbn0.gstatic.com/faviconV2?url=https://www.lavoz.com.ar&client=NEWS_360&size=96&type=FAVICON&fallback_opts=TYPE,SIZE,URL",https://www.lavoz.com.ar/sucesos/un-joven-tenia-un-puma-cachorro-de-mascota-en-salta-las-autoridades-lo-rescataron_0_xptHhw3hcL.html,https://www.lavoz.com.ar/resizer/v2/Z4LDX42CVZC35GUHQHLRDLO4RI.png,https://news.google.com/api/attachments/CC8iK0NnNXBaVUZpU2tkNWIzaEZXVGRMVFJERUF4aW1CU2dLTWdhcE5KU09JUWc,"08/18/2025, 07:00 AM, +0000 UTC",2025-08-18T07:00:00Z,
99,Rescatan puma encerrado y atado en un centro campestre de Lambayeque,Actualidad Ambiental,"https://encrypted-tbn1.gstatic.com/faviconV2?url=https://www.actualidadambiental.pe&client=NEWS_360&size=96&type=FAVICON&fallback_opts=TYPE,SIZE,URL",https://www.actualidadambiental.pe/rescatan-puma-andino-encerrado-en-centro-campestre-de-lambayeque/,https://www.actualidadambiental.pe/wp-content/uploads/2024/12/puma-andino-serfor.jpg,https://news.google.com/api/attachments/CC8iL0NnNXJZbDkzU2sxWmJEaEdiRmMxVFJEeUFoaVFCU2dLTWdtQk1ZNmt3bVJrTEFJ,"12/18/2024, 08:00 AM, +0000 UTC",2024-12-18T08:00:00Z,
100,SAG es alertado por nuevo avistamiento de puma en La Reina,Teletrece,"https://encrypted-tbn2.gstatic.com/faviconV2?url=https://www.t13.cl&client=NEWS_360&size=96&type=FAVICON&fallback_opts=TYPE,SIZE,URL",https://www.t13.cl/noticia/nacional/sag-puma-la-reina-25-03-2020,https://s.t13.cl/sites/default/files/styles/manualcrop_1600x800/public/t13/field-imagen/2020-03/1566057344-puma.jpg.jpeg?itok=Dxk5zhiZ,https://news.google.com/api/attachments/CC8iK0NnNVhZVzVxWjFsT2QyRXRTbFIxVFJEQkF4aXJCU2dLTWdZSmM1akZwZ2c,"03/25/2020, 07:00 AM, +0000 UTC",2020-03-25T07:00:00Z,
